date_created,name,therapy,group_,type,acq_mrp_revenue,rep_mrp_revenue,acq_item_discount,rep_item_discount,acq_listing_discount_uc,rep_listing_discount_uc,acq_gross_revenue,rep_gross_revenue,acq_net_revenue,rep_net_revenue,acq_quantity,rep_quantity,acq_cogs,rep_cogs,acq_logs,rep_logs,hct_acq_final_spend,hct_repeat_final_spend,doc_new_spend,doc_rep_spend,acq_influencer_spend,repeat_influencer_spend,acq_content_marketing_spend,repeat_content_marketing_spend,FB_Acq_Spend,FB_Repeat_Spend,Aff_New_Spend,Aff_Repeat_Spend,Partnership_New_spend,Partnership_Repeat_spend,acq_non_working_spend,repeat_non_working_spend,google_acq_spend,google_repeat_spend,crm_new_spend,crm_repeat_spend
7/15/2023,KAPIVA HIMALAYA SHILAJIT 20 GRMS_UMA,Mens Health,HPC,Ingestibles,812458,317788,29943.81,11730.52,260567.46,106414.37,462203.07,165014.11,348620.1767,121610.6862,438,164,87416.04,32731.12,16058.11803,5178.036312,16582.96402,11904.76652,1530.452958,259.1257546,0,0,0,0,193636.8,48409.2,17522.09171,4806.561365,14474.2355,3201.9048,7952,1988,38661.52,9665.38,0,1446.876813
7/15/2023,KAPIVA HIM FOODS SHILAJIT GOLD RESIN - 20G,Mens Health,HPC,Ingestibles,304031,221277,18037,14885,64343,54066,204361,143713,151321.51,113518.05,140,109,35435.4,27588.99,4613.111462,2784.105282,6662.087701,6124.0523,343.7716898,929.1938266,0,0,0,0,69626.4,17406.6,9313.390293,3137.222957,3829.137,1181.61305,14145.6,3536.4,24823.36,6205.84,1569.882523,0
7/15/2023,KAPIVA HIMALAYA SHILAJIT 30 GRAMS,Mens Health,HPC,Ingestibles,102851,18891,4165,648,33150,6863,56453,10530,42424.76,8839.05,39,8,10733.97,2201.84,1745.352,313.8668,0,0,589.7909705,0,0,0,0,0,0,0,1996.525936,207.5743673,1644.4855,0,0,0,0,0,0,0
7/15/2023,KAPIVA HIMALAYA SHILAJIT 10 GRMS_UMA,Mens Health,HPC,Ingestibles,18377,2397,429,39,0,0,17948,2358,11005.71,2245.71,15,3,1802.55,360.51,1016,112.56,0,0,218.1680476,0,0,0,0,0,0,0,804.2412732,139.7235892,0,0,0,0,0,0,0,0
7/15/2023,KAPIVA TB - 60 CAPS,Mens Health,HPC,Ingestibles,7191,5593,430,372,640,861,5969,4073,4751.77,3179.45,8,6,1134.8,851.1,186.7666667,199.9833333,0,0,196.3239335,0,0,0,0,0,0,0,465.6869623,0,0,0,0,0,0,0,0,442.5444727
7/15/2023,KAPIVA HFE - 60 CAPS,Mens Health,HPC,Ingestibles,11186,17578,487,1184,3565,5751,6133,9989,4229.47,8075.92,11,20,1794.21,3262.2,230.8316667,433.9136667,0,0,0,227.451792,0,0,0,0,0,0,419.8702593,268.7798867,611.24045,0,0,0,0,0,0,0
7/15/2023,KAPIVA VEGAN PROTEIN - CHOCOLATE 1 KG_2249,Mens Health,HPC,Ingestibles,8996,4498,461,0,0,1040,7680,3121,3421.19,1024.58,2,1,1191,595.5,575.688,381.1686154,0,0,0,0,0,0,0,0,0,0,371.6052473,0,0,0,0,0,0,0,0,0
7/15/2023,KAPIVA ST- 60 CAPS,Mens Health,HPC,Ingestibles,3995,5593,269,209,1470,1761,2256,3524,2014.29,3234.84,5,7,572,800.8,83.15466667,136.0233333,0,0,0,141.1675715,0,0,0,0,0,0,147.7677432,254.7900537,0,0,0,0,0,0,0,1485.97502
7/15/2023,KAPIVA VIGOR MAX JUICE 1 L,Mens Health,HPC,Ingestibles,5000,10500,261.09,1036.3,691.29,1328.14,3483.28,8135.56,1828.23,7263.860002,6,21,461.88,1616.58,709.38,1325.601097,0,0,0,330.6652159,0,0,0,0,0,0,114.0329925,558.0199482,235.11435,301.6756,0,0,0,0,0,0
7/15/2023,KAPIVA VEGAN PROTEIN MALE BANANA 1 KG,Mens Health,HPC,Ingestibles,2249,6747,161,219,560,2358,1528,4170,1294.92,3533.900001,1,3,591.5,1774.5,77.25,279.3793846,0,0,0,0,0,0,0,0,0,0,267.2060745,0,0,0,0,0,0,0,0,0
7/15/2023,KAPIVA SHILAJEET CAPSULES 60 CAPS_599,Mens Health,HPC,Ingestibles,2396,599,88,44,1577,419,632,136,696.21,129.52,4,1,360.24,90.06,132.57,26.228,0,0,0,0,0,0,0,0,0,0,83.58934025,0,0,120.8266,0,0,0,0,0,0
7/15/2023,KAPIVA SHILAJIT GOLD CAPSULES 60 CAP,Mens Health,HPC,Ingestibles,1798,1798,0,143,135,270,1528,1385,682.14,1236.6,1,2,228,456,133.8,55.1,0,0,0,0,0,0,0,0,0,0,267.2060745,242.199204,0,0,0,0,0,0,0,0
7/15/2023,KAPIVA VIGOR MAX CAPSULES 60 CAPS_999,Mens Health,HPC,Ingestibles,999,0,0,0,350,0,649,0,579.46,0,1,0,404.25,0,31.368,0,0,0,0,0,0,0,0,0,0,0,113.4926523,0,0,0,0,0,0,0,0,0
7/15/2023,KAPIVA SHILAJEET + STAMINA CAPSULES 60 CAPS,Mens Health,HPC,Ingestibles,650,1950,98,231.7,62,224.86,391,1306.44,437.5,753.07,1,2,123.65,247.3,61,51.268,0,0,0,0,0,0,0,0,0,0,0,80.96620253,347.37645,392.1889,0,0,0,0,0,0
7/15/2023,KAPIVA SHILAJIT GOLD CAPSULES 30 CAP,Mens Health,HPC,Ingestibles,0,0,0,0,0,0,0,0,0,0,0,0,0,0,0,0,0,0,0,0,0,0,0,0,0,0,0,0,0,0,0,0,0,0,0,0
7/16/2023,KAPIVA HIMALAYA SHILAJIT 20 GRMS_UMA,Mens Health,HPC,Ingestibles,863424,389740,30096.82,16176.79,253039.44,133145.44,497041.57,199298.86,349933.47,141884.72,434,199,86617.72,39716.42,17580.64166,5257.365093,18875.98519,13783.32445,3401.374385,0,0,0,0,0,180967.44,45241.86,20739.76805,4219.551714,13061.7958,4219.69165,7952,1988,42252.48,10563.12,2279.189037,4237.521346
7/16/2023,KAPIVA HIM FOODS SHILAJIT GOLD RESIN - 20G,Mens Health,HPC,Ingestibles,291438,172704,14906,9995,60470,38362,197400,116044,138300.21,88536.73571,128,82,32398.08,20755.02,4258.16,2591.978024,7140.601045,4595.964846,1582.15746,3056.020317,0,0,0,0,74002.16,18500.54,8972.642114,5007.121331,3737.95045,2805.01425,14145.6,3536.4,25571.04,6392.76,0,0
7/16/2023,KAPIVA HIMALAYA SHILAJIT 30 GRAMS,Mens Health,HPC,Ingestibles,123841,29386,5014,1345,38250,10200,68458,15875,48753.33,12993.36,45,12,12385.35,3302.76,2309.024833,453.0731429,0,0,0,0,0,0,0,0,0,0,3050.927995,822.7221649,621.95745,0,0,0,0,0,1208.437316,1247.776083
7/16/2023,KAPIVA HIMALAYA SHILAJIT 10 GRMS_UMA,Mens Health,HPC,Ingestibles,19975,6392,657,349,0,0,19118,6043,12310.52,4233.32,17,6,2042.89,721.02,1123.4,322.96,0,0,0,0,0,0,0,0,0,0,911.5075809,113.9813405,0,0,0,0,0,0,0,0
7/16/2023,KAPIVA HFE - 60 CAPS,Mens Health,HPC,Ingestibles,25568,12784,1269,1047,7996,4241,14188,7092,10275.87,5979.458571,26,15,4240.86,2446.65,608.7733333,270.1520306,0,0,1660.07672,550.0572476,0,0,0,0,0,0,273.0409299,152.5464296,264.7801,0,0,0,0,0,0,447.4783159
7/16/2023,KAPIVA VEGAN PROTEIN MALE BANANA 1 KG,Mens Health,HPC,Ingestibles,11245,8996,788,883,2469,2698,7175,5415,4863.564068,4588.984068,4,4,2366,2366,363.875,148.2857143,0,0,0,0,0,0,0,0,0,0,0,469.2944273,0,0,0,0,0,0,0,0
7/16/2023,KAPIVA TB - 60 CAPS,Mens Health,HPC,Ingestibles,7191,11985,661.79,774.69,918.54,1679.36,5098.67,8393.82,3582.76,5656.23,7,11,992.95,1560.35,178.03,253.5391373,0,0,0,0,0,0,0,0,0,0,0,0,1015.67995,0,0,0,0,0,0,0
7/16/2023,KAPIVA VIGOR MAX JUICE 1 L,Mens Health,HPC,Ingestibles,3500,7500,313.76,932.66,462.32,336.45,2723.92,6032.89,2432.05,5563.315714,7,15,538.86,1154.7,340.6977273,787.4421429,0,0,575.8102144,622.033521,0,0,0,0,0,0,137.634562,232.1207703,0,173.5068,0,0,0,0,0,0
7/16/2023,KAPIVA ST- 60 CAPS,Mens Health,HPC,Ingestibles,3995,8789,239,754.43,1510,2751.04,2246,5184.53,2005.38,4717.45,5,11,572,1258.4,74.34933333,143.962,0,0,0,0,0,0,0,0,0,0,0,0,321.3217,354.7571,0,0,0,0,0,0
7/16/2023,KAPIVA SHILAJEET CAPSULES 60 CAPS_599,Mens Health,HPC,Ingestibles,4193,599,44,13,2118,320,1169,167,1363.83,253.34,6,1,540.36,90.06,222.42,32.64,0,0,0,0,0,0,0,0,0,0,115.8666896,28.62387714,91.7077,0,0,0,0,0,0,0
7/16/2023,KAPIVA SHILAJIT GOLD CAPSULES 60 CAP,Mens Health,HPC,Ingestibles,1798,3596,24,530,536,674,1139,2392,1105.35,2135.71,2,4,456,912,85.48,24.5,0,0,0,0,0,0,0,0,0,0,130.9499797,0,0,0,0,0,0,0,0,808.9031129
7/16/2023,KAPIVA VIGOR MAX CAPSULES 60 CAPS_999,Mens Health,HPC,Ingestibles,999,2997,31,186,350,1170,618,1542,551.79,1465.18,1,3,404.25,1212.75,11.66666667,42.3,0,0,0,0,0,0,0,0,0,0,0,0,0,0,0,0,0,0,0,1143.282512
7/16/2023,KAPIVA SHILAJEET + STAMINA CAPSULES 60 CAPS,Mens Health,HPC,Ingestibles,0,3900,0,589.39,0,838.87,0,2372.74,0,2206.9,0,6,0,741.9,0,98.51361345,0,0,0,0,0,0,0,0,0,0,0,305.5624812,0,127.56335,0,0,0,0,0,0
7/16/2023,KAPIVA VEGAN PROTEIN - CHOCOLATE 1 KG_2249,Mens Health,HPC,Ingestibles,0,0,0,0,0,0,0,0,0,0,0,0,0,0,0,0,0,0,0,0,0,0,0,0,0,0,0,0,0,0,0,0,0,0,0,0
7/16/2023,KAPIVA SHILAJIT GOLD CAPSULES 30 CAP,Mens Health,HPC,Ingestibles,0,0,0,0,0,0,0,0,0,0,0,0,0,0,0,0,0,0,0,0,0,0,0,0,0,0,0,0,0,0,0,0,0,0,0,0
7/17/2023,KAPIVA HIMALAYA SHILAJIT 20 GRMS_UMA,Mens Health,HPC,Ingestibles,948867,379247,36451.96,17437.96,280233.29,130674.02,539614.37,200177.02,379369.9386,153030.5986,477,206,95199.66,41113.48,19474.18267,5821.303691,17380.67791,10673.43867,1061.304217,616.9728784,0,0,0,0,173372.72,43343.18,25049.21,7499.202469,12978.1606,1089.40775,7952,1988,45959.52,11489.88,1957.455397,2992.590167
7/17/2023,KAPIVA HIM FOODS SHILAJIT GOLD RESIN - 20G,Mens Health,HPC,Ingestibles,411971,260855,25950,16797,83599,62567,282191,174037,212194.8814,139558.2471,193,131,48850.23,33157.41,6992.382504,3734.385071,5136.884116,6711.267296,4170.363573,0,0,0,0,0,73579.04,18394.76,13266.91964,6644.54231,7844.53305,1130.41,14145.6,3536.4,21191.92,5297.98,2118.495495,3201.85619
7/17/2023,KAPIVA HIMALAYA SHILAJIT 30 GRAMS,Mens Health,HPC,Ingestibles,121742,31485,5024,2035,40800,10421,67131,16379,52312.39,12125.71,48,12,13211.04,3302.76,1951.536,341.8133333,0,0,314.7872295,0,0,0,0,0,0,0,3517.067003,781.5703885,0,462.4146,0,0,0,0,0,0
7/17/2023,KAPIVA HIMALAYA SHILAJIT 10 GRMS_UMA,Mens Health,HPC,Ingestibles,15980,1598,448,80,0,0,15532,1518,8704.73,1445.71,12,2,1442.04,240.34,779.076,82.6,0,0,0,0,0,0,0,0,0,0,382.4307084,0,0,0,0,0,0,0,0,0
7/17/2023,KAPIVA HFE - 60 CAPS,Mens Health,HPC,Ingestibles,15980,15980,1427,762,5646,5025,8476,9202,7239.270002,6960.720002,19,17,3099.09,2772.87,268.9394444,329.2363333,0,0,401.7380606,124.5035097,0,0,0,0,0,0,457.1096004,152.0857249,232.9157,0,0,0,0,0,195.9177778,0
7/17/2023,KAPIVA ST- 60 CAPS,Mens Health,HPC,Ingestibles,7990,6392,329.27,543,2160.01,2220,4742.72,3629,3484.59,3240.17,8,8,915.2,915.2,185.7949603,124.8333333,0,0,0,0,0,0,0,0,0,0,0,226.9350256,0,0,0,0,0,0,0,0
7/17/2023,KAPIVA VIGOR MAX JUICE 1 L,Mens Health,HPC,Ingestibles,6000,11500,905.65,1433.04,532.97,860.98,4338.25,8858.98,3179.86,7773.2,10,22,769.8,1693.56,631.434,1431.463238,0,0,317.8116,305.2100195,0,0,0,0,0,0,267.0894012,453.4131215,618.30295,0,0,0,0,0,0,0
7/17/2023,KAPIVA TB - 60 CAPS,Mens Health,HPC,Ingestibles,3995,4794,358,584.37,560,660.37,3077,3450.26,2747.32,3169,5,6,709.25,851.1,86.11944444,109.6307692,0,0,0,133.0725779,0,0,0,0,0,0,0,0,0,0,0,0,0,0,0,0
7/17/2023,KAPIVA SHILAJIT GOLD CAPSULES 60 CAP,Mens Health,HPC,Ingestibles,4495,2697,416,278,495,405,3240,2014,2397.35,1798.2,4,3,912,684,46.84,41.92,0,0,471.802791,192.5519839,0,0,0,0,0,0,228.8105407,0,0,0,0,0,0,0,0,312.6072567
7/17/2023,KAPIVA SHILAJEET + STAMINA CAPSULES 60 CAPS,Mens Health,HPC,Ingestibles,3900,1300,446,73,1072,223,2318.13,905,1546.44,896.43,5,2,618.25,247.3,83.078,90.356,0,0,0,0,0,0,0,0,0,0,99.93493574,83.37432275,494.30525,0,0,0,0,0,0,0
7/17/2023,KAPIVA VEGAN PROTEIN - CHOCOLATE 1 KG_2249,Mens Health,HPC,Ingestibles,2249,6747,437,1048,0,0,1812,5699,1535.6,4829.66,1,3,595.5,1786.5,70,286.64,0,0,0,0,0,0,0,0,0,0,0,0,0,0,0,0,0,0,0,0
7/17/2023,KAPIVA VEGAN PROTEIN MALE BANANA 1 KG,Mens Health,HPC,Ingestibles,2249,0,84,0,560,0,1605,0,1360.17,0,1,0,591.5,0,99,0,0,0,0,0,0,0,0,0,0,0,0,0,0,0,0,0,0,0,0,0
7/17/2023,KAPIVA VIGOR MAX CAPSULES 60 CAPS_999,Mens Health,HPC,Ingestibles,1998,0,0,0,350,0,1298,0,579.46,0,1,0,404.25,0,44.05,0,0,0,0,0,0,0,0,0,0,0,221.308608,0,0,0,0,0,0,0,0,0
7/17/2023,KAPIVA SHILAJEET CAPSULES 60 CAPS_599,Mens Health,HPC,Ingestibles,1797,4193,88,183,1158,2834,452,1077,524.77,1120.010002,3,7,270.18,630.42,90.456,161.64,0,0,0,0,0,0,0,0,0,0,30.68987533,183.6281534,0,0,0,0,0,0,0,0
7/17/2023,KAPIVA SHILAJIT GOLD CAPSULES 30 CAP,Mens Health,HPC,Ingestibles,0,0,0,0,0,0,0,0,0,0,0,0,0,0,0,0,0,0,0,0,0,0,0,0,0,0,0,0,0,0,0,0,0,0,0,0
7/18/2023,KAPIVA HIMALAYA SHILAJIT 20 GRMS_UMA,Mens Health,HPC,Ingestibles,926382,335776,32126.09063,13241.61509,272381.802,118014.6076,533107.22,173800.08,377801.2795,130444.7932,482.0525976,181.8385312,96208.05743,36291.33405,19054.48964,5044.72908,18937.03499,13777.08813,2686.622309,761.65244,0,0,0,0,165302.8,41325.7,24782.06938,3283.606262,12439.65375,823.345,7952,1988,44469.92,11117.48,2476.100464,0
7/18/2023,KAPIVA HIM FOODS SHILAJIT GOLD RESIN - 20G,Mens Health,HPC,Ingestibles,527107,278845,25930.28665,18672.48302,103766.8605,68662.22226,371641,181879,273412.6461,144468.0311,241.3865553,137.4945768,61097.35102,34801.25232,9714.98781,4036.184623,9693.170258,6284.705345,2226.949848,301.0050417,0,0,0,0,79086.08,19771.52,18526.15916,5374.533752,8390.90505,1956.7449,14145.6,3536.4,21454.88,5363.72,2873.541489,2270.969584
7/18/2023,KAPIVA HIMALAYA SHILAJIT 30 GRAMS,Mens Health,HPC,Ingestibles,119643,27287,4470.378296,976.7642962,40686.28925,9278.331604,65993,15140,52600.61661,12009.92163,47.87654122,11.274376,13177.06044,3103.046505,2182.373143,441.806,0,0,0,0,0,0,0,0,0,0,3424.195971,213.382267,713.057,0,0,0,0,0,0,0
7/18/2023,KAPIVA HIMALAYA SHILAJIT 10 GRMS_UMA,Mens Health,HPC,Ingestibles,23970,3196,660.4244355,131.6721708,0,0,23205,3042,14648.4267,2410.829827,20.06434374,3.480457476,2411.132187,418.2465749,1247.28,111.2,0,0,0,0,0,0,0,0,0,0,1431.147476,253.3594548,0,0,0,0,0,0,0,0
7/18/2023,KAPIVA HFE - 60 CAPS,Mens Health,HPC,Ingestibles,14382,17578,397.6820728,1095.225827,3348.582708,4865.140442,8709,9923,4714.802711,6830.942882,10.7187506,16.91506782,1748.33541,2759.016712,331.5878182,385.8424762,0,0,971.0154515,304.6609815,0,0,0,0,0,0,0,84.73788002,0,0,0,0,0,0,0,0
7/18/2023,KAPIVA TB - 60 CAPS,Mens Health,HPC,Ingestibles,7191,9588,431.3832124,738.4160456,1102.6969,1200.753345,5310.76,7220,3609.945949,5258.574465,7.143112592,9.674538203,1013.250521,1372.333244,87.08333333,166.7186667,0,0,0,131.6135306,0,0,0,0,0,0,222.2660617,341.514076,0,0,0,0,0,0,0,0
7/18/2023,KAPIVA VIGOR MAX JUICE 1 L,Mens Health,HPC,Ingestibles,3000,11500,130.378701,1136.919725,549.4828505,882.5012493,2148.2,9042.14,1526.310692,7341.725123,4.317083448,20.29193522,332.3290838,1562.073173,481.17,1360.772381,0,0,101.1474297,99.1976098,0,0,0,0,0,0,0,474.9284728,0,0,0,0,0,0,0,0
7/18/2023,KAPIVA ST- 60 CAPS,Mens Health,HPC,Ingestibles,4794,10387,83.40377887,497.3014893,694.8591685,3138.83628,3088,6251,1040.957249,5123.771999,2.434518558,11.51507793,278.508923,1317.324915,49.24,267.2731429,0,0,388.9789306,126.0077709,0,0,0,0,0,0,152.3914965,272.3229482,0,0,0,0,0,0,0,0
7/18/2023,KAPIVA SHILAJEET CAPSULES 60 CAPS_599,Mens Health,HPC,Ingestibles,2995,1797,100.9317073,56,1886.003104,1158,786,484,814.6003935,555.24,4.65526438,3,419.2531101,270.18,185.9165714,46.66666667,0,0,0,0,0,0,0,0,0,0,86.1046434,0,195.60515,0,0,0,0,0,0,0
7/18/2023,KAPIVA VIGOR MAX CAPSULES 60 CAPS_999,Mens Health,HPC,Ingestibles,1998,2997,77.60465116,100.6270928,488.2582457,955.238211,1114,1639,770.2244384,1172.377537,1.403650906,2.057749638,567.4258788,831.8452912,40.1,16.58666667,0,0,0,0,0,0,0,0,0,0,90.03396267,0,0,0,0,0,0,0,0,0
7/18/2023,KAPIVA VEGAN PROTEIN MALE BANANA 1 KG,Mens Health,HPC,Ingestibles,2249,6747,92.11477462,758,365.5583849,1318.593644,1510,4309,744.6020627,2889.616824,0.487673857,1.9678488,288.4590864,1163.982565,83.64,181.4,0,0,368.0304582,0,0,0,0,0,0,0,0,502.9602266,0,0,0,0,0,0,0,0
7/18/2023,KAPIVA SHILAJIT GOLD CAPSULES 60 CAP,Mens Health,HPC,Ingestibles,899,5394,32.92631579,473.2931468,107.9240467,1124.770221,726,3515,518.63351,2908.501135,0.720744718,4.74926925,164.3297957,1082.833389,39,88.752,0,0,168.1728462,0,0,0,0,0,0,0,124.0316303,223.120247,0,0,0,0,0,0,0,0
7/18/2023,KAPIVA SHILAJIT GOLD CAPSULES 30 CAP,Mens Health,HPC,Ingestibles,0,0,0,0,0,0,0,0,0,0,0,0,0,0,0,0,0,0,0,0,0,0,0,0,0,0,0,0,0,0,0,0,0,0,0,0
7/18/2023,KAPIVA SHILAJEET + STAMINA CAPSULES 60 CAPS,Mens Health,HPC,Ingestibles,0,650,0,81.73429954,0,61.10313304,0,500.78,0,417.3393542,0,0.950040683,0,117.4725305,0,13.3,0,0,0,0,0,0,0,0,0,0,0,0,0,0,0,0,0,0,0,0
7/18/2023,KAPIVA VEGAN PROTEIN - CHOCOLATE 1 KG_2249,Mens Health,HPC,Ingestibles,0,8996,0,733.0121857,0,1164.896601,0,6804,0,4971.342621,0,3.447103996,0,2052.75043,0,291.1265882,0,0,0,0,0,0,0,0,0,0,0,0,0,0,0,0,0,0,0,0
7/18/2023,KAPIVA VEGAN PROTEIN - COOKIES and CREAM 1 KG_2249,Mens Health,HPC,Ingestibles,0,6747,0,910,0,1349,0,4488,0,3353.20393,0,2.656926174,0,1584.856463,0,189,0,0,0,0,0,0,0,0,0,0,0,0,0,0,0,0,0,0,0,0
7/19/2023,KAPIVA HIMALAYA SHILAJIT 20 GRMS_UMA,Mens Health,HPC,Ingestibles,884410,331279,34101.44808,14215.91673,264259.9419,116820.7125,498366.73,171258.43,352021.6744,130714.5734,458.7921561,181.8385312,91565.73852,36291.33405,16576.26038,4836.449,14775.64727,12536.11985,1801.755765,754.241002,0,0,0,0,161484.4,40371.1,20956.31735,4139.659262,11907.97565,1699.27055,7952,1988,42174.48,10543.62,5356.902625,2281.807143
7/19/2023,KAPIVA HIM FOODS SHILAJIT GOLD RESIN - 20G,Mens Health,HPC,Ingestibles,530705,251860,23130.85219,16318.51472,108900.1019,60051.57721,373421,166152,275254.8703,131126.3405,243.9097597,123.2094259,61735.99929,31185.5378,9281.922436,3646.659407,7306.274524,4839.559304,1558.255742,1903.038562,0,0,0,0,80399.52,20099.88,17252.61346,5199.300188,2400.07835,1418.94745,14145.6,3536.4,21969.84,5492.46,5350.03856,2461.253093
7/19/2023,KAPIVA HIMALAYA SHILAJIT 30 GRAMS,Mens Health,HPC,Ingestibles,121742,41980,5343.635791,1880.516129,41412.83013,14274.35631,66579,22868,52843.88559,18140.24114,48.73147945,17.34519384,13412.36509,4773.917701,2036.453333,792.4,0,0,0,0,0,0,0,0,0,0,1386.89528,420.4957884,1291.59635,622.4379,0,0,0,0,1094.326082,0
7/19/2023,KAPIVA HIMALAYA SHILAJIT 10 GRMS_UMA,Mens Health,HPC,Ingestibles,18377,0,563.7348449,0,0,0,17724,0,10638.73166,0,14.71385208,0,1768.163604,0,985.6,0,0,0,0,0,0,0,0,0,0,0,377.4024505,0,0,0,0,0,0,0,0,0
7/19/2023,KAPIVA HFE - 60 CAPS,Mens Health,HPC,Ingestibles,20774,14382,1040.98381,864.0302362,5866.679323,4067.338159,11743.84,8123,7840.522264,6011.022935,18.5791677,14.49862956,3030.448043,2364.871468,450.2014,471.0806667,0,0,672.5424722,474.616282,0,0,0,0,0,0,238.1911198,147.7963649,265.252,0,0,0,0,0,0,0
7/19/2023,KAPIVA ST- 60 CAPS,Mens Health,HPC,Ingestibles,9588,6392,648.6207628,594.7940475,2327.002558,1545.522949,5961.38,3617,4306.395181,3238.053281,9.738074232,7.0862018,1114.035692,810.6614859,212.0792698,233.5166667,0,0,0,214.9493586,0,0,0,0,0,0,342.7276328,235.1611564,0,0,0,0,0,0,0,0
7/19/2023,KAPIVA TB - 60 CAPS,Mens Health,HPC,Ingestibles,7990,5593,350.7328718,402.2331049,1725.391781,514.3034823,5505,4459.33,3759.431982,3631.857871,8.036001666,6.156524311,1139.906836,873.3029735,202.2,175.5366667,0,0,168.199141,0,0,0,0,0,0,0,296.2659894,442.5473135,0,0,0,0,0,0,0,0
7/19/2023,KAPIVA VIGOR MAX JUICE 1 L,Mens Health,HPC,Ingestibles,5500,9000,644.4282226,1001.689379,525.0975399,442.563605,4005.56,7304.1,2916.345777,5882.124178,7.914652988,15.88064495,609.269987,1222.492049,740.0238095,1383.102,0,0,654.9171277,614.3587784,0,0,0,0,0,0,282.4492286,192.8943654,199.42125,0,0,0,0,0,0,0
7/19/2023,KAPIVA VEGAN PROTEIN MALE BANANA 1 KG,Mens Health,HPC,Ingestibles,8996,2249,474.4682805,337,1904.820298,439.5312148,5156,1352,2542.490834,906.6482383,1.950695428,0.6559496,1153.836346,387.9941884,348,118,0,0,0,0,0,0,0,0,0,0,0,0,0,0,0,0,0,0,0,0
7/19/2023,KAPIVA SHILAJEET + STAMINA CAPSULES 60 CAPS,Mens Health,HPC,Ingestibles,3250,650,160,105.0048734,1043.583922,61.10313304,2018,476.48,1497.85865,397.0940272,4.31954698,0.950040683,534.1119841,117.4725305,89.375,24.75,0,0,0,0,0,0,0,0,0,0,339.695898,0,0,0,0,0,0,0,0,0
7/19/2023,KAPIVA SHILAJIT GOLD CAPSULES 60 CAP,Mens Health,HPC,Ingestibles,2697,3596,266.0099723,250.4050951,323.77214,480.5189234,1985,2783,1418.035116,2239.718665,2.162234154,3.1661795,492.9893871,721.888926,51.6,138.1,0,0,0,0,0,0,0,0,0,0,0,349.2908805,428.7738,0,0,0,0,0,0,0
7/19/2023,KAPIVA SHILAJEET CAPSULES 60 CAPS_599,Mens Health,HPC,Ingestibles,2396,2995,59.3195122,187,1561.650256,1677,653,1032,622.4658063,1077.14,3.724211504,5,335.4024881,450.3,73.125,98.28571429,0,0,0,0,0,0,0,0,0,0,109.9214089,68.17482636,0,0,0,0,0,0,0,0
7/19/2023,KAPIVA VEGAN PROTEIN - CHOCOLATE 1 KG_2249,Mens Health,HPC,Ingestibles,0,2249,0,345.2026545,0,0,0,1852,0,1353.154267,0,0.861775999,0,513.1876074,0,71,0,0,0,0,0,0,0,0,0,0,0,0,0,0,0,0,0,0,0,0
7/19/2023,KAPIVA SHILAJIT GOLD CAPSULES 30 CAP,Mens Health,HPC,Ingestibles,0,0,0,0,0,0,0,0,0,0,0,0,0,0,0,0,0,0,0,0,0,0,0,0,0,0,0,0,0,0,0,0,0,0,0,0
7/20/2023,KAPIVA HIMALAYA SHILAJIT 20 GRMS_UMA,Mens Health,HPC,Ingestibles,1100266,451199,31962.5362,17895.26074,326965.7463,156349.6519,636234.08,234280.92,450824.658,176578.9521,572.6881109,243.8289395,114297.0932,48663.37975,12062.92767,4151.271326,11954.06267,18754.76456,1415.343363,223.1522734,0,0,0,0,184771.2,46192.8,21227.73794,6051.021658,8439.40205,2809.69035,7952,1988,43671.84,10917.96,3279.335398,2143.517943
7/20/2023,KAPIVA HIM FOODS SHILAJIT GOLD RESIN - 20G,Mens Health,HPC,Ingestibles,608062,375991,28519.74119,21521.73289,125113.6739,89622.01253,426501,251756,315714.4332,198221.7159,280.9167578,183.921317,71102.84056,46552.32454,5576.711056,3131.846194,4685.931764,9233.504106,1887.589382,0,0,0,0,0,102348.32,25587.08,16449.19892,7625.298593,8410.5713,2888.4143,14145.6,3536.4,21390.88,5347.72,2206.140141,2888.664752
7/20/2023,KAPIVA HIMALAYA SHILAJIT 30 GRAMS,Mens Health,HPC,Ingestibles,123841,54574,5140.05994,3395.969941,42865.91189,18556.66321,68111,28660,55041.08728,22734.76361,50.44135592,22.54875199,13882.97439,6206.093011,1027.49,464.6066667,0,0,274.1983628,306.5554424,0,0,0,0,0,0,4247.436173,1207.055789,532.3011,915.10945,0,0,0,0,641.1594685,0
7/20/2023,KAPIVA TB - 60 CAPS,Mens Health,HPC,Ingestibles,15181,7990,661.1633482,339.1047308,4096.004643,1630.543287,9795.87,5767,7615.01323,4594.870026,16.96489241,8.79503473,2406.469988,1247.575676,251.5686667,122.5888889,0,0,0,0,0,0,0,0,0,0,164.6830595,681.5578318,0,0,0,0,0,0,0,0
7/20/2023,KAPIVA HIMALAYA SHILAJIT 10 GRMS_UMA,Mens Health,HPC,Ingestibles,11186,7191,135.5380868,152.2096093,0,0,11029,7012.98,6430.38074,5557.866614,8.694548954,7.831029321,1044.823948,941.0547935,344.88,60.15,0,0,0,0,0,0,0,0,0,0,405.2826614,263.5943247,0,0,0,0,0,0,0,0
7/20/2023,KAPIVA SHILAJIT GOLD CAPSULES 60 CAP,Mens Health,HPC,Ingestibles,6293,7192,344.8598338,652.153929,755.4683267,1009.089739,4950,5347,3536.158662,4303.13121,5.045213026,6.332359,1150.30857,1443.777852,112.8666667,68.16666667,0,0,0,181.0323024,0,0,0,0,0,0,251.9278941,348.4720713,295.78215,0,0,0,0,0,0,417.0983602
7/20/2023,KAPIVA HFE - 60 CAPS,Mens Health,HPC,Ingestibles,9588,22372,258.3233977,1502.771339,2018.169376,6243.529609,6099,12411,3338.796688,8712.058014,7.14583373,21.74794434,1165.55694,3547.307201,140.0050556,297.1474603,0,0,266.9459276,130.2651465,0,0,0,0,0,0,0,378.2299199,0,0,0,0,0,0,0,0
7/20/2023,KAPIVA VIGOR MAX JUICE 1 L,Mens Health,HPC,Ingestibles,4500,5000,179.712149,290.4175946,11.14579149,149.569281,3987.67,4413,3044.313547,3584.965731,6.475625172,8.82258053,498.4936257,679.1622492,465.8738095,514.1690476,0,0,420.0841684,111.5761367,0,0,0,0,0,0,139.0962607,525.1596998,0,0,0,0,0,0,0,0
7/20/2023,KAPIVA VEGAN PROTEIN - CHOCOLATE 1 KG_2249,Mens Health,HPC,Ingestibles,4498,2249,363.4707104,293.0309686,0,0,3724,1912,1287.269978,1397.004093,0.766084273,0.861775999,456.2031846,513.1876074,56,140.7552,0,0,0,533.3339608,0,0,0,0,0,0,0,0,0,0,0,0,0,0,0,0
7/20/2023,KAPIVA ST- 60 CAPS,Mens Health,HPC,Ingestibles,1598,11186,68.63435969,615.3658717,403.9878886,3485.541982,1019,6533.5,736.1078527,5351.726149,1.623012372,12.40085315,185.6726154,1418.6576,20.15,167.8288889,0,0,0,130.2651465,0,0,0,0,0,0,0,457.5280848,0,0,0,0,0,0,0,0
7/20/2023,KAPIVA SHILAJEET + STAMINA CAPSULES 60 CAPS,Mens Health,HPC,Ingestibles,1300,650,239,23.94091961,293.9947243,144.4586361,759,474,563.3669018,395.0218914,1.727818792,0.950040683,213.6447936,117.4725305,34.06666667,25.8,0,0,0,0,0,0,0,0,0,0,60.86848929,0,213.02725,0,0,0,0,0,0,0
7/20/2023,KAPIVA SHILAJEET CAPSULES 60 CAPS_599,Mens Health,HPC,Ingestibles,599,1198,88.53658537,56,0.944891335,200,399,942,458.3878944,897.14,0.931052876,2,83.85062201,180.12,27.32,54.125,0,0,0,0,0,0,0,0,0,0,67.46260547,74.90200792,0,0,0,0,0,0,0,0
7/20/2023,KAPIVA SHILAJIT GOLD CAPSULES 30 CAP,Mens Health,HPC,Ingestibles,0,0,0,0,0,0,0,0,0,0,0,0,0,0,0,0,0,0,0,0,0,0,0,0,0,0,0,0,0,0,0,0,0,0,0,0
7/20/2023,KAPIVA VEGAN PROTEIN MALE BANANA 1 KG,Mens Health,HPC,Ingestibles,0,6747,0,802,0,1318.593644,0,4265,0,2860.116888,0,1.9678488,0,1163.982565,0,216.75,0,0,0,382.7061763,0,0,0,0,0,0,0,257.0002085,0,0,0,0,0,0,0,0
7/21/2023,KAPIVA HIMALAYA SHILAJIT 20 GRMS_UMA,Mens Health,HPC,Ingestibles,1011825,425716,33514.31713,17148.36356,300766.5275,145572.6358,586160.06,222924.2,421373.4947,167817.5928,534.1880699,229.7777803,106613.255,45859.04939,11574.02147,3997.813569,9392.20562,21388.14475,1550.314624,183.9121473,0,0,0,0,187874.16,46968.54,26727.83905,7540.677048,16140.36885,1849.0574,7952,1988,45674.48,11418.62,3402.257351,5003.643368
7/21/2023,KAPIVA HIM FOODS SHILAJIT GOLD RESIN - 20G,Mens Health,HPC,Ingestibles,638645,287840,26131.33126,18441.413,132654.6539,65410.21449,450506,193989,333966.4156,153303.1119,295.2149161,141.0658645,74721.84741,35705.18095,6151.458929,2535.864516,6436.867458,9950.607223,2000.910573,1238.222627,0,0,0,0,103690.8,25922.7,27169.03932,6256.977385,2817.50865,2314.69005,14145.6,3536.4,23702.96,5925.74,1741.713641,868.7931676
7/21/2023,KAPIVA HIMALAYA SHILAJIT 30 GRAMS,Mens Health,HPC,Ingestibles,144831,37782,5031.363332,1550.179252,50131.32069,12846.92068,80719,20741,65229.70465,16452.96086,58.99073828,15.61067446,16236.0209,4296.525931,1190.674889,302.462,0,0,0,0,0,0,0,0,0,0,3058.879331,609.5524401,1497.1383,0,0,0,0,0,0,0
7/21/2023,KAPIVA HIMALAYA SHILAJIT 10 GRMS_UMA,Mens Health,HPC,Ingestibles,15980,3995,266.7596739,134.237213,0,0,15631,3722,8846.010771,2408.441598,12.03860624,3.480457476,1446.679312,418.2465749,368.8666667,86.8,0,0,169.8338344,0,0,0,0,0,0,0,910.3949831,136.653263,0,0,0,0,0,0,0,0
7/21/2023,KAPIVA TB - 60 CAPS,Mens Health,HPC,Ingestibles,14382,16779,501.9579542,1075.749994,3161.571614,2284.089849,10311,12887.5,7935.275186,10347.01086,16.07200333,18.46957293,2279.813673,2619.908921,209.2946667,252.889,0,0,0,0,0,0,0,0,0,0,700.7117458,727.649003,0,0,0,0,0,0,0,0
7/21/2023,KAPIVA HFE - 60 CAPS,Mens Health,HPC,Ingestibles,17578,26367,702.7416116,1663.933228,4161.863626,7411.970808,10551.5,14820,6419.920786,10991.90311,14.29166746,26.58082086,2331.113879,4335.59769,284.6483333,489.2751333,0,0,923.1362018,283.1308698,0,0,0,0,0,0,582.7007399,396.7905403,0,0,0,0,0,0,0,0
7/21/2023,KAPIVA VEGAN PROTEIN MALE BANANA 1 KG,Mens Health,HPC,Ingestibles,8996,6747,289.7241235,0,1611.720808,1850.740365,5964,4389,2940.941325,2943.259545,1.950695428,1.9678488,1153.836346,1163.982565,231.4714286,263.6514,0,0,0,0,0,0,0,0,0,0,270.057027,0,0,0,0,0,0,0,0,0
7/21/2023,KAPIVA SHILAJEET + STAMINA CAPSULES 60 CAPS,Mens Health,HPC,Ingestibles,4550,1300,160.35,26.52653893,462.2823667,205.5522023,3419.78,1057.44,2905.727236,881.2644285,6.047365772,1.900081366,747.7567777,234.9450609,143.7653333,36.5030303,0,0,111.907084,0,0,0,0,0,0,0,413.8936048,85.34420836,0,0,0,0,0,0,0,0
7/21/2023,KAPIVA VIGOR MAX JUICE 1 L,Mens Health,HPC,Ingestibles,5000,8500,477.1254295,729.8510634,301.5668236,664.6484925,3880.88,6735.81,2898.082856,5509.259408,7.19513908,14.9983869,553.8818064,1154.575824,516.8,945.3613986,0,0,673.7977963,93.63207376,0,0,0,0,0,0,137.7924042,340.2957933,0,0,0,0,0,0,0,0
7/21/2023,KAPIVA ST- 60 CAPS,Mens Health,HPC,Ingestibles,4794,4794,38.22673198,242.3897547,1402.645949,1353.459712,2915,2923,2177.271459,2438.433428,4.869037116,5.31465135,557.0178461,607.9961144,63.95,102.724,0,0,0,0,0,0,0,0,0,0,332.1411232,341.3766948,0,0,0,0,0,0,0,0
7/21/2023,KAPIVA SHILAJIT GOLD CAPSULES 60 CAP,Mens Health,HPC,Ingestibles,1798,9889,63.2531856,356.8043296,259.017712,1439.777071,1401,7671,1000.830418,5619.811627,1.441489436,7.91544875,328.6595914,1804.722315,13.33333333,113.525,0,0,0,0,0,0,0,0,0,0,0,606.8160053,0,0,0,0,0,0,0,0
7/21/2023,KAPIVA SHILAJEET CAPSULES 60 CAPS_599,Mens Health,HPC,Ingestibles,1198,0,85.8804878,0,188.9782669,0,901,0,829.3294233,0,1.862105752,0,167.701244,0,23.33333333,0,0,0,0,0,0,0,0,0,0,0,0,0,0,0,0,0,0,0,0,0
7/21/2023,KAPIVA VIGOR MAX CAPSULES 60 CAPS_999,Mens Health,HPC,Ingestibles,999,0,0,0,310.9025009,0,559,0,354.948266,0,0.701825453,0,283.7129394,0,20.8,0,0,0,0,0,0,0,0,0,0,0,0,0,0,0,0,0,0,0,0,0
7/21/2023,KAPIVA VEGAN PROTEIN - CHOCOLATE 1 KG_2249,Mens Health,HPC,Ingestibles,0,4498,0,526.9340267,0,0,0,3892,0,2843.677642,0,1.723551998,0,1026.375215,0,159.2,0,0,0,434.1935745,0,0,0,0,0,0,0,0,0,0,0,0,0,0,0,0
7/22/2023,KAPIVA HIMALAYA SHILAJIT 20 GRMS_UMA,Mens Health,HPC,Ingestibles,854430,352265,28227.0422,15470.43611,255408.5219,122279.9662,487369.72,180272.55,345393.2119,134831.2785,444.3546407,189.2773802,88684.29919,37775.97953,17630.3455,5327.969003,8419.522315,23086.84523,0,934.000295,0,0,0,0,160677.68,40169.42,22224.50295,4600.238215,11396.77665,2680.2891,7952,1988,43355.36,10838.84,756.1164337,2476.999179
7/22/2023,KAPIVA HIM FOODS SHILAJIT GOLD RESIN - 20G,Mens Health,HPC,Ingestibles,532504,287840,26360.96888,18682.6096,109434.2159,68514.19859,372242,190417,276117.3559,150343.9662,246.4329641,141.0658645,62374.64755,35705.18095,9304.917333,4206.095577,7074.06291,10070.34355,2327.055548,1568.202396,0,0,0,0,90065.84,22516.46,19611.18765,5012.895981,8140.55475,1958.84955,14145.6,3536.4,24280,6070,3454.20788,3721.241428
7/22/2023,KAPIVA HIMALAYA SHILAJIT 30 GRAMS,Mens Health,HPC,Ingestibles,132237,35683,4893.189678,1480.719468,45045.53453,12133.20287,73275,19570.01,58285.63573,15524.05466,53.00617063,14.74341476,14588.88834,4057.830045,2368.72,480.68,0,0,0,0,0,0,0,0,0,0,3869.856838,611.6803938,0,0,0,0,0,0,0,0
7/22/2023,KAPIVA HIMALAYA SHILAJIT 10 GRMS_UMA,Mens Health,HPC,Ingestibles,22372,1598,953.9464068,0,0,0,21187,1598,12928.02857,1266.427092,18.05790937,1.740228738,2170.018969,209.1232874,1106.88,132,0,0,228.468132,0,0,0,0,0,0,0,625.7538327,137.1303296,0,0,0,0,0,0,0,0
7/22/2023,KAPIVA TB - 60 CAPS,Mens Health,HPC,Ingestibles,15181,11186,441.4132616,895.1302423,4389.958949,1860.946143,9808.81,8075,7548.756,6433.781789,16.96489241,12.31304862,2406.469988,1746.605947,340.888,223.875,0,0,385.9593036,211.1652898,0,0,0,0,0,0,746.890235,228.4361704,0,0,0,0,0,0,0,0
7/22/2023,KAPIVA HFE - 60 CAPS,Mens Health,HPC,Ingestibles,11985,10387,649.2074864,591.4894488,3030.636471,3068.47032,6991,5886,4799.581928,4251.997719,10.7187506,10.47123246,1748.33541,1707.962727,331.6606667,207.0485758,0,0,590.0621993,291.3233379,0,0,0,0,0,0,178.1493306,0,0,0,0,0,0,0,0,0
7/22/2023,KAPIVA VIGOR MAX JUICE 1 L,Mens Health,HPC,Ingestibles,7500,7500,753.26936,433.2714031,698.666779,768.437676,5759.82,6130.3,4092.430144,4870.815253,10.79270862,13.2338708,830.8227096,1018.743374,1055.155,1205.768689,0,0,370.0689237,606.6587829,0,0,0,0,0,0,260.5579788,78.26214926,563.71745,206.82125,0,0,0,0,0,0
7/22/2023,KAPIVA ST- 60 CAPS,Mens Health,HPC,Ingestibles,3995,5593,123.3680896,489.2516451,1240.242818,1677.171928,2318,3186,1674.491238,2570.746967,4.05753093,6.200426575,464.1815384,709.3288002,77.6,82.5,0,0,0,358.7691151,0,0,0,0,0,0,226.5482441,170.0828076,0,0,0,0,0,0,0,0
7/22/2023,KAPIVA SHILAJIT GOLD CAPSULES 60 CAP,Mens Health,HPC,Ingestibles,2697,1798,95.31301939,269.6670255,323.77214,288.311354,2182,1180,1558.764892,949.6373968,2.162234154,1.58308975,492.9893871,360.944463,102.8,20,0,0,0,0,0,0,0,0,0,0,0,0,0,0,0,0,0,0,0,0
7/22/2023,KAPIVA VEGAN PROTEIN - CHOCOLATE 1 KG_2249,Mens Health,HPC,Ingestibles,2249,2249,166.3481512,173.9056194,0,0,2049,2049,1455.640555,1497.101712,0.766084273,0.861775999,456.2031846,513.1876074,70,153,0,0,0,0,0,0,0,0,0,0,0,351.6647419,1872.0535,0,0,0,0,0,0,0
7/22/2023,KAPIVA VIGOR MAX CAPSULES 60 CAPS_999,Mens Health,HPC,Ingestibles,0,3996,0,241.347793,0,1397.132961,0,1890,0,1351.929844,0,2.743666184,0,1109.127055,0,58.04166667,0,0,0,0,0,0,0,0,0,0,0,0,0,0,0,0,0,0,0,0
7/22/2023,KAPIVA SHILAJIT GOLD CAPSULES 30 CAP,Mens Health,HPC,Ingestibles,0,0,0,0,0,0,0,0,0,0,0,0,0,0,0,0,0,0,0,0,0,0,0,0,0,0,0,0,0,0,0,0,0,0,0,0
7/22/2023,KAPIVA SHILAJEET CAPSULES 60 CAPS_599,Mens Health,HPC,Ingestibles,0,1797,0,245,0,300,0,1252,0,1192.39,0,3,0,270.18,0,59.20833333,0,0,0,0,0,0,0,0,0,0,0,0,0,0,0,0,0,0,0,0
7/22/2023,KAPIVA SHILAJEET + STAMINA CAPSULES 60 CAPS,Mens Health,HPC,Ingestibles,0,1950,0,235.2051706,0,266.6553354,0,1425.66,0,1188.127208,0,2.850122049,0,352.4175914,0,80.72916667,0,0,0,0,0,0,0,0,0,0,0,0,0,0,0,0,0,0,0,0
7/23/2023,KAPIVA HIMALAYA SHILAJIT 20 GRMS_UMA,Mens Health,HPC,Ingestibles,962358,356762,36958.62993,14217.21233,287965.1411,123581.1334,551174.06,186635.25,397622.3082,141610.1673,510.1255442,194.2366128,101810.8561,38765.74319,21772.99224,6590.717937,7846.082031,19062.4657,659.5136763,1528.962599,0,0,0,0,166302.96,41575.74,23184.23454,4964.139257,15638.9284,1239.30835,7952,1988,43206.96,10801.74,3861.915433,4771.59605
7/23/2023,KAPIVA HIM FOODS SHILAJIT GOLD RESIN - 20G,Mens Health,HPC,Ingestibles,539700,255458,27966.64514,15727.491,111064.4468,61836.88706,375441,169393,278720.2955,134373.128,249.7972367,125.8878917,63226.17858,31863.48427,9447.041429,3651.406349,5020.356788,11135.44728,4116.183876,1800.954225,0,0,0,0,93215.2,23303.8,15388.87829,6845.058517,10512.2959,0,14145.6,3536.4,27342,6835.5,6690.154141,0
7/23/2023,KAPIVA HIMALAYA SHILAJIT 30 GRAMS,Mens Health,HPC,Ingestibles,132237,23089,6990.665751,610.8115836,45772.07541,8036.462605,71098,12832,57454.90572,10179.0542,53.86110887,9.539856612,14824.19299,2625.654735,2129.08,324.08,0,0,1649.114247,824.5571098,0,0,0,0,0,0,2836.136011,1136.87118,1138.58295,0,0,0,0,0,0,0
7/23/2023,KAPIVA HIMALAYA SHILAJIT 10 GRMS_UMA,Mens Health,HPC,Ingestibles,24769,1598,990.2050033,34.20056383,0,0,23622,1558,14848.30956,1234.731049,20.7331552,1.740228738,2491.50326,209.1232874,1264.852,89.6,0,0,0,0,0,0,0,0,0,0,843.6744666,0,0,0,0,0,0,0,0,0
7/23/2023,KAPIVA TB - 60 CAPS,Mens Health,HPC,Ingestibles,24769,12784,995.571199,919.5139089,6466.285179,2434.89738,16476.79,8898.78,12680.37721,7169.038502,27.67956129,14.07205557,3926.34577,1996.121082,621.3840952,227.9690714,0,0,319.5241359,0,0,0,0,0,0,0,1089.039967,79.71864778,477.62025,0,0,0,0,0,0,536.5650111
7/23/2023,KAPIVA HFE - 60 CAPS,Mens Health,HPC,Ingestibles,17578,15980,785.1671694,686.4146457,4668.472997,3836.08047,10344,10217.89,6972.032539,7524.355345,15.72083421,16.1095884,2564.225267,2627.634964,440.8329943,524.0270833,0,0,1888.097182,857.5658019,0,0,0,0,0,0,149.8709336,175.3809534,0,0,0,0,0,0,529.8016003,0
7/23/2023,KAPIVA VIGOR MAX JUICE 1 L,Mens Health,HPC,Ingestibles,7500,6000,676.8820857,460.6469847,926.5561847,305.4697617,5552.47,5145.67,3945.085375,4088.484453,10.79270862,10.58709664,830.8227096,814.994699,918.1948571,1024.250667,0,0,907.0788402,0,0,0,0,0,0,0,175.3338815,143.8795322,325.33315,150.374,0,0,0,0,0,0
7/23/2023,KAPIVA ST- 60 CAPS,Mens Health,HPC,Ingestibles,4794,1598,232.8355493,101.0702667,1341.23979,361.5838404,2866,985,2070.33671,874.6737394,4.869037116,1.77155045,557.0178461,202.6653715,136.495,33.55625,0,0,0,554.5460121,0,0,0,0,0,0,82.06818413,0,0,0,0,0,0,0,529.8016003,0
7/23/2023,KAPIVA SHILAJIT GOLD CAPSULES 60 CAP,Mens Health,HPC,Ingestibles,3596,0,325.7972299,0,431.6961867,0,2680,0,1914.52983,0,2.882978872,0,657.3191828,0,97.38,0,0,0,0,0,0,0,0,0,0,0,229.253865,0,365.35625,0,0,0,0,0,0,0
7/23/2023,KAPIVA VEGAN PROTEIN - CHOCOLATE 1 KG_2249,Mens Health,HPC,Ingestibles,2249,13494,44.08226007,1381.680146,0,1165.760127,2196,10555,1560.074742,7712.015095,0.766084273,5.170655994,456.2031846,3079.125644,58,715.3912727,0,0,0,0,0,0,0,0,0,0,368.5516461,0,0,0,0,0,0,0,0,0
7/23/2023,KAPIVA VEGAN PROTEIN MALE BANANA 1 KG,Mens Health,HPC,Ingestibles,2249,11245,43.22704508,983,365.5583849,2729.802795,1605,6784,791.4488127,4549.352208,0.487673857,3.279748,288.4590864,1939.970942,123.75,379.0567273,0,0,0,0,0,0,0,0,0,0,0,0,0,0,0,0,0,0,0,0
7/23/2023,KAPIVA SHILAJEET + STAMINA CAPSULES 60 CAPS,Mens Health,HPC,Ingestibles,650,1950,56.52,67.44635872,62.17696372,435.1648994,529.61,1424.7,393.1048679,1187.324489,0.863909396,2.850122049,106.8223968,352.4175914,18.75,44.16666667,0,0,0,0,0,0,0,0,0,0,88.88370331,94.10152344,0,0,0,0,0,0,0,0
7/23/2023,KAPIVA SHILAJIT GOLD CAPSULES 30 CAP,Mens Health,HPC,Ingestibles,0,0,0,0,0,0,0,0,0,0,0,0,0,0,0,0,0,0,0,0,0,0,0,0,0,0,0,0,0,0,0,0,0,0,0,0
7/23/2023,KAPIVA SHILAJEET CAPSULES 60 CAPS_599,Mens Health,HPC,Ingestibles,0,1198,0,161,0,101,0,837,0,891.43,0,2,0,180.12,0,109,0,0,0,0,0,0,0,0,0,0,0,0,0,0,0,0,0,0,0,0
7/24/2023,KAPIVA HIMALAYA SHILAJIT 20 GRMS_UMA,Mens Health,HPC,Ingestibles,914390,415223,34474.62325,17813.21761,280496.6475,144736.619,516398.21,216754.1,372726.3992,165720.134,485.2609343,228.1247027,96848.37728,45529.12817,19154.15576,6805.046433,9272.39851,21807.52529,2754.053006,0,0,0,0,0,160531.04,40132.76,25190.08578,8151.793409,10957.8609,3696.12835,7952,1988,47507.84,11876.96,2209.135228,1233.066091
7/24/2023,KAPIVA HIM FOODS SHILAJIT GOLD RESIN - 20G,Mens Health,HPC,Ingestibles,620655,293237,30291.61433,18605.27939,133750.7708,71668.72735,428091,193623,320055.1638,154808.5372,289.3274391,145.5299741,73231.66812,36835.09174,10458.16623,4286.848255,5897.550463,9545.329545,909.2111336,1693.872803,0,0,0,0,93208.72,23302.18,21783.92012,7246.674616,8064.646,0,14145.6,3536.4,27811.76,6952.94,1581.785817,2117.845062
7/24/2023,KAPIVA HIMALAYA SHILAJIT 30 GRAMS,Mens Health,HPC,Ingestibles,125940,27287,5446.805453,1705.108138,42919.76139,9331.230689,68964,14259,54721.12112,11311.08471,50.44135592,11.274376,13882.97439,3103.046505,2268.63,368,0,0,1243.607609,0,0,0,0,0,0,0,1734.14636,1096.906843,0,726.34155,0,0,0,0,944.9180039,488.0345683
7/24/2023,KAPIVA TB - 60 CAPS,Mens Health,HPC,Ingestibles,16779,19176,498.3139763,1052.72983,5001.929636,4420.190172,10465,12900,8206.113575,10356.97857,18.75067055,21.10808335,2659.782618,2994.181623,411.6433333,504.8476407,0,0,240.0407871,0,0,0,0,0,0,0,1022.531858,707.4734646,819.75135,0,0,0,0,0,0,0
7/24/2023,KAPIVA HFE - 60 CAPS,Mens Health,HPC,Ingestibles,17578,31161,954.2670251,2549.057953,4567.75244,8743.525428,10180,16686,6928.640954,11928.84005,15.72083421,30.60821796,2564.225267,4992.506431,425.6780667,551.8332454,0,0,863.1655843,645.7701493,0,0,0,0,0,0,0,344.8746472,272.17675,0,0,0,0,0,0,806.4684894
7/24/2023,KAPIVA HIMALAYA SHILAJIT 10 GRMS_UMA,Mens Health,HPC,Ingestibles,10387,2397,205.4653799,34.20056383,0,0,10149,2357,6379.447907,1867.944595,8.694548954,2.610343107,1044.823948,313.6849312,590.996,153.2,0,0,0,0,0,0,0,0,0,0,390.592858,125.7251475,0,0,0,0,0,0,0,0
7/24/2023,KAPIVA VIGOR MAX JUICE 1 L,Mens Health,HPC,Ingestibles,8500,11000,860.3760485,1030.703213,443.1074788,814.9571217,6671.36,8762.73,4951.10574,6701.020643,12.23173644,18.52741911,941.5990708,1426.240723,1090.9132,1122.166218,0,0,486.4977847,164.5562801,0,0,0,0,0,0,261.0678396,316.3537178,569.83185,0,0,0,0,0,0,0
7/24/2023,KAPIVA SHILAJIT GOLD CAPSULES 60 CAP,Mens Health,HPC,Ingestibles,3596,1798,241.7484765,100.8958259,474.8658054,240.2594617,2723,1418,1945.245709,1141.176509,2.882978872,1.58308975,657.3191828,360.944463,52,54.84,0,0,0,0,0,0,0,0,0,0,226.2722302,0,0,0,0,0,0,0,0,330.5482489
7/24/2023,KAPIVA ST- 60 CAPS,Mens Health,HPC,Ingestibles,3995,7990,270.6626382,659.1928015,938.0679572,2623.962532,2423.45,4343,1822.182588,3504.343203,4.05753093,8.85775225,464.1815384,1013.326857,95.123,155.6872549,0,0,0,0,0,0,0,0,0,0,77.02537881,223.2906724,0,301.166,0,0,0,0,0,0
7/24/2023,KAPIVA SHILAJEET + STAMINA CAPSULES 60 CAPS,Mens Health,HPC,Ingestibles,1950,1300,300,104.3824095,662.9483684,213.3395752,969,869,719.2388378,806.7142088,2.591728188,1.900081366,320.4671904,234.9450609,41.6,32.85,0,0,0,0,0,0,0,0,0,0,160.5108896,0,0,0,0,0,0,0,0,0
7/24/2023,KAPIVA SHILAJEET CAPSULES 60 CAPS_599,Mens Health,HPC,Ingestibles,1198,5391,64.63170732,387.01,604.7304542,3771,287,1232.99,446.4326386,1174.279999,1.862105752,9,167.701244,810.54,105,189.3333333,0,0,0,0,0,0,0,0,0,0,20.7057281,72.71686693,130.4516,501.67495,0,0,0,0,0,0
7/24/2023,KAPIVA VEGAN PROTEIN - COOKIES and CREAM 1 KG_2249,Mens Health,HPC,Ingestibles,0,2249,0,437,0,0,0,1812,0,1353.836029,0,0.885642058,0,528.2854876,0,115,0,0,0,0,0,0,0,0,0,0,0,0,0,0,0,0,0,0,0,0
7/24/2023,KAPIVA VEGAN PROTEIN MALE BANANA 1 KG,Mens Health,HPC,Ingestibles,0,4498,0,69,0,879.0624296,0,3309,0,2219.015549,0,1.3118992,0,775.9883768,0,180.25,0,0,0,0,0,0,0,0,0,0,0,268.3462848,0,0,0,0,0,0,0,0
7/24/2023,KAPIVA VEGAN PROTEIN - CHOCOLATE 1 KG_2249,Mens Health,HPC,Ingestibles,0,2249,0,379.9837783,0,0,0,1812,0,1323.935418,0,0.861775999,0,513.1876074,0,70,0,0,0,0,0,0,0,0,0,0,0,0,0,0,0,0,0,0,0,0
7/24/2023,KAPIVA VIGOR MAX CAPSULES 60 CAPS_999,Mens Health,HPC,Ingestibles,0,999,0,44.02435312,0,341.7112299,0,503,0,359.8016071,0,0.685916546,0,277.2817637,0,15.25,0,0,0,0,0,0,0,0,0,0,0,0,0,0,0,0,0,0,0,0
7/24/2023,KAPIVA SHILAJIT GOLD CAPSULES 30 CAP,Mens Health,HPC,Ingestibles,0,0,0,0,0,0,0,0,0,0,0,0,0,0,0,0,0,0,0,0,0,0,0,0,0,0,0,0,0,0,0,0,0,0,0,0
7/25/2023,KAPIVA HIMALAYA SHILAJIT 20 GRMS_UMA,Mens Health,HPC,Ingestibles,1008827,412225,33556.4023,16479.34258,305434.3626,142774.4769,577901.13,218286.4,414835.5235,167586.7604,532.5839015,227.298164,106293.0951,45364.16756,22401.23619,7201.83907,9408.247896,24536.64638,1610.856324,993.9143471,0,0,0,0,159980.72,39995.18,32430.19732,6153.169553,12311.7084,2879.21945,7952,1988,47399.44,11849.86,2097.44712,5734.519613
7/25/2023,KAPIVA HIM FOODS SHILAJIT GOLD RESIN - 20G,Mens Health,HPC,Ingestibles,487529,304031,26549.50404,19021.38955,101068.4015,72134.46036,337215,203449,250998.7003,162664.8148,226.2473289,150.8869057,57265.46141,38190.98469,8600.048476,4631.550929,5390.764254,12733.1463,2322.593572,0,0,0,0,0,93324,23331,19243.4939,7323.800522,9270.82735,1925.6118,14145.6,3536.4,24195.04,6048.76,879.7859312,4887.491678
7/25/2023,KAPIVA HIMALAYA SHILAJIT 30 GRAMS,Mens Health,HPC,Ingestibles,92356,31485,3637.651739,1319.566716,31967.7987,10758.66632,51007,17190,41219.20546,13636.09886,37.61728238,13.00889538,10353.40463,3580.438275,1686.76,562.48,0,0,0,0,0,0,0,0,0,0,4289.858831,829.6551707,0,796.60725,0,0,0,0,1110.963741,0
7/25/2023,KAPIVA TB - 60 CAPS,Mens Health,HPC,Ingestibles,20774,15980,682.3986293,1102.710149,5504.341089,2912.25665,13378.56,11448.19,9464.811328,9121.367143,21.42933778,17.59006946,3039.751564,2495.151353,447.0227765,472.3180952,0,0,0,310.8325048,0,0,0,0,0,0,764.0764705,487.4686361,0,451.97435,0,0,0,0,0,0
7/25/2023,KAPIVA HIMALAYA SHILAJIT 10 GRMS_UMA,Mens Health,HPC,Ingestibles,15181,2397,345.3199663,196.653242,0,0,14781,2167,9291.034503,1717.377989,12.7074177,2.610343107,1527.050385,313.6849312,857.276,115.25,0,0,0,0,0,0,0,0,0,0,1021.010639,0,0,0,0,0,0,0,0,0
7/25/2023,KAPIVA ST- 60 CAPS,Mens Health,HPC,Ingestibles,10387,8789,384.8736879,821.9785408,3332.916241,2724.051825,5818.98,4750,4203.521959,3912.616461,10.54958042,9.743527475,1206.872,1114.659543,228.2015873,152.3047619,0,0,343.4151332,0,0,0,0,0,0,0,184.7941338,155.3711538,0,0,0,0,0,0,0,0
7/25/2023,KAPIVA HFE - 60 CAPS,Mens Health,HPC,Ingestibles,10387,27965,517.4965435,1720.466457,2860.012841,8204.928138,5973,15666,3987.748768,11388.48093,9.289583849,28.1917797,1515.224022,4598.361187,262.4193333,625.6714286,0,0,238.747049,0,0,0,0,0,0,0,149.4859432,379.1797263,0,0,0,0,0,0,0,0
7/25/2023,KAPIVA SHILAJIT GOLD CAPSULES 60 CAP,Mens Health,HPC,Ingestibles,5394,8990,532.8864266,501.7274249,596.3802876,1297.401093,3835,6985,2881.074774,5621.407035,4.324468308,7.91544875,985.9787742,1804.722315,93.88,224.2047619,0,0,0,0,0,0,0,0,0,0,329.2389035,711.2772086,0,0,0,0,0,0,0,0
7/25/2023,KAPIVA VIGOR MAX JUICE 1 L,Mens Health,HPC,Ingestibles,5500,2500,368.6597914,291.3111872,597.2027162,178.0044409,3825.69,1977.58,2359.163553,1571.282398,6.475625172,4.411290265,498.4936257,339.5811246,468.6451765,304.125,0,0,0,0,0,0,0,0,0,0,154.7372179,80.54408585,0,240.34805,0,0,0,0,0,0
7/25/2023,KAPIVA VEGAN PROTEIN - CHOCOLATE 1 KG_2249,Mens Health,HPC,Ingestibles,2249,6747,83.17407561,86.94411441,0,2694.201183,2149,3527.01,1526.685646,2577.00931,0.766084273,2.585327997,456.2031846,1539.562822,70,339,0,0,0,0,0,0,0,0,0,0,361.3557619,0,0,0,0,0,0,0,0,0
7/25/2023,KAPIVA SHILAJEET CAPSULES 60 CAPS_599,Mens Health,HPC,Ingestibles,2396,2995,123.0658537,126,1583.637877,1996,581,774,534.7778228,831.44,3.724211504,5,335.4024881,450.3,72,101.6133333,0,0,0,88.52095281,0,0,0,0,0,0,0,54.31271753,0,0,0,0,0,0,0,0
7/25/2023,KAPIVA SHILAJIT GOLD CAPSULES 30 CAP,Mens Health,HPC,Ingestibles,0,0,0,0,0,0,0,0,0,0,0,0,0,0,0,0,0,0,0,0,0,0,0,0,0,0,0,0,0,0,0,0,0,0,0,0
7/25/2023,KAPIVA VIGOR MAX CAPSULES 60 CAPS_999,Mens Health,HPC,Ingestibles,0,999,0,63.67808219,0,341.7112299,0,478,0,341.9200817,0,0.685916546,0,277.2817637,0,24,0,0,0,0,0,0,0,0,0,0,0,80.37603276,0,0,0,0,0,0,0,0
7/25/2023,KAPIVA SHILAJEET + STAMINA CAPSULES 60 CAPS,Mens Health,HPC,Ingestibles,0,2600,0,186.8253603,0,523.1698658,0,1858.05,0,1548.492161,0,3.800162732,0,469.8901218,0,33.25,0,0,0,0,0,0,0,0,0,0,0,78.1900854,0,0,0,0,0,0,0,0
7/26/2023,KAPIVA HIMALAYA SHILAJIT 20 GRMS_UMA,Mens Health,HPC,Ingestibles,969853,356762,36165.31972,13642.09625,295125.925,121566.9736,546860.2,188971.6,388373.7081,141709.4744,507.7192916,192.5835353,101330.6162,38435.82197,18566.37927,5665.391755,9379.129378,23212.24126,2384.329726,0,0,0,0,0,157064.24,39266.06,25350.05691,5412.494121,11847.0291,2542.1828,7952,1988,50899.36,12724.84,4185.354122,0
7/26/2023,KAPIVA HIM FOODS SHILAJIT GOLD RESIN - 20G,Mens Health,HPC,Ingestibles,516313,358001,26261.78687,22206.65757,105608.3707,88579.52877,360759,235739,267451.6357,188481.7243,238.8633509,177.6715635,60458.70275,44970.44943,8900.937833,4888.557156,5678.958893,10628.42154,2351.862943,2822.631462,0,0,0,0,91376,22844,18882.37471,6821.206935,6460.26705,1849.4876,14145.6,3536.4,22893.12,5723.28,0,3617.825525
7/26/2023,KAPIVA HIMALAYA SHILAJIT 30 GRAMS,Mens Health,HPC,Ingestibles,119643,33584,5050.707644,1516.344208,40686.28925,11419.48505,65610,18281,52091.46576,14501.56984,47.87654122,13.87615507,13177.06044,3819.13416,2116.18,608.46,0,0,454.9310577,0,0,0,0,0,0,0,3876.022418,420.4760914,778.096,0,0,0,0,0,0,0
7/26/2023,KAPIVA HIMALAYA SHILAJIT 10 GRMS_UMA,Mens Health,HPC,Ingestibles,21573,2397,648.3382367,68.40112767,0,0,20822,2317,13088.29271,1836.248552,18.05790937,2.610343107,2170.018969,313.6849312,900.992,157,0,0,0,0,0,0,0,0,0,0,653.1013959,0,0,0,0,0,0,0,0,0
7/26/2023,KAPIVA TB - 60 CAPS,Mens Health,HPC,Ingestibles,18377,15181,622.3458737,832.2674854,6286.641447,3498.578749,10294.49,10194,7615.43558,8200.990852,19.64355963,16.71056599,2786.438933,2370.393785,325.3095,235.626,0,0,798.2080266,0,0,0,0,0,0,0,772.2756548,586.108024,297.6088,0,0,0,0,0,0,0
7/26/2023,KAPIVA HFE - 60 CAPS,Mens Health,HPC,Ingestibles,15181,18377,1057.936283,830.8359496,3721.3991,4853.205707,8636,10673.12,5465.201223,7067.962368,12.86250071,16.91506782,2098.002491,2759.016712,311.2764,309.0902667,0,0,319.9167211,0,0,0,0,0,0,0,211.2480282,320.1543746,0,0,0,0,0,0,0,1555.109619
7/26/2023,KAPIVA ST- 60 CAPS,Mens Health,HPC,Ingestibles,7990,4794,428.3131561,177.0965735,2392.416277,1487.813807,4437,2946,3276.732544,2377.107037,8.11506186,5.31465135,928.3630768,607.9961144,156.0986667,96.44,0,0,0,206.6788559,0,0,0,0,0,0,387.3160875,153.6808639,0,0,0,0,0,0,0,0
7/26/2023,KAPIVA SHILAJIT GOLD CAPSULES 60 CAP,Mens Health,HPC,Ingestibles,5394,5394,282.4731302,382.4869035,568.3999792,544.5881132,4258,4167,3112.529152,3512.872382,4.324468308,4.74926925,985.9787742,1082.833389,194.6,125.4,0,0,0,0,0,0,0,0,0,0,600.9206358,231.4470444,0,0,0,0,0,0,0,0
7/26/2023,KAPIVA VIGOR MAX JUICE 1 L,Mens Health,HPC,Ingestibles,4500,6000,344.9049941,631.9654408,297.3015346,242.7016532,3633.25,4837.48,2651.814784,4000.945771,6.475625172,10.58709664,498.4936257,814.994699,508.72,840.8784211,0,0,0,188.0698548,0,0,0,0,0,0,309.4235877,71.20151613,0,0,0,0,0,0,0,617.6444775
7/26/2023,KAPIVA VIGOR MAX CAPSULES 60 CAPS_999,Mens Health,HPC,Ingestibles,1998,3996,144.4767442,397.7914764,649.3622689,1427.421001,904,1652,574.0076203,1181.686826,1.403650906,2.743666184,567.4258788,1109.127055,7.6,74.64631579,0,0,0,372.5762542,0,0,0,0,0,0,152.1659218,0,0,0,0,0,0,0,0,0
7/26/2023,KAPIVA SHILAJEET + STAMINA CAPSULES 60 CAPS,Mens Health,HPC,Ingestibles,650,1300,75,231.1256379,60.35653281,122.1966993,414,930.92,380.7681237,775.8188505,0.863909396,1.900081366,106.8223968,234.9450609,19,52.75,0,0,0,0,0,0,0,0,0,0,0,0,0,0,0,0,0,0,0,0
7/26/2023,KAPIVA VEGAN PROTEIN - CHOCOLATE 1 KG_2249,Mens Health,HPC,Ingestibles,0,6747,0,704.3177585,0,1164.896601,0,4588,0,3352.226999,0,2.585327997,0,1539.562822,0,251.92,0,0,0,0,0,0,0,0,0,0,0,0,0,0,0,0,0,0,0,0
7/26/2023,KAPIVA SHILAJEET CAPSULES 60 CAPS_599,Mens Health,HPC,Ingestibles,0,2995,0,274,0,1996,0,626,0,690.49,0,5,0,450.3,0,92.20833333,0,0,0,0,0,0,0,0,0,0,0,0,0,179.4279,0,0,0,0,0,0
7/26/2023,KAPIVA SHILAJIT GOLD CAPSULES 30 CAP,Mens Health,HPC,Ingestibles,0,0,0,0,0,0,0,0,0,0,0,0,0,0,0,0,0,0,0,0,0,0,0,0,0,0,0,0,0,0,0,0,0,0,0,0
7/27/2023,KAPIVA HIMALAYA SHILAJIT 20 GRMS_UMA,Mens Health,HPC,Ingestibles,893404,401732,30650.44695,17280.79512,271435.3692,141725.6524,508908.33,206715.27,364603.7994,157513.8079,470.8234189,219.8593149,93966.93795,43879.52208,17420.82214,5672.251163,7966.213632,21257.02686,2278.409114,1447.80872,0,0,0,0,150458.88,37614.72,21248.69136,5861.314622,13180.3074,1546.7355,7952,1988,49462.96,12365.74,0,0
7/27/2023,KAPIVA HIM FOODS SHILAJIT GOLD RESIN - 20G,Mens Health,HPC,Ingestibles,476735,332815,23744.70839,20883.74948,95204.97897,80434.61673,334802,218786.01,247762.0133,170955.1937,219.5187838,161.6007688,55562.39936,40902.77059,8458.242383,4040.588167,4541.880028,9767.385581,2317.245633,542.4584831,0,0,0,0,90632.48,22658.12,17902.94172,7810.150581,5066.8099,4942.8804,14145.6,3536.4,23890.16,5972.54,0,0
7/27/2023,KAPIVA HIMALAYA SHILAJIT 30 GRAMS,Mens Health,HPC,Ingestibles,115445,27287,3295.902234,992.7914223,39959.74837,8564.613789,65117,15122,52621.59754,11004.86151,47.02160298,10.4071163,12941.75579,2864.35062,2320.574,450.56,0,0,0,0,0,0,0,0,0,0,2038.316493,1000.410126,1470.4712,0,0,0,0,0,0,0
7/27/2023,KAPIVA HIMALAYA SHILAJIT 10 GRMS_UMA,Mens Health,HPC,Ingestibles,15980,2397,295.2485712,101.7466774,0,0,15638,2278,9829.721257,1805.343038,13.37622916,2.610343107,1607.421458,313.6849312,921.9575,93,0,0,333.6599739,283.9659428,0,0,0,0,0,0,664.3147558,136.8008899,0,0,0,0,0,0,0,0
7/27/2023,KAPIVA TB - 60 CAPS,Mens Health,HPC,Ingestibles,12784,14382,652.2720421,559.5670753,3634.909182,3402.872947,7869,9910,5557.953345,7895.821582,13.39333611,15.83106251,1899.844727,2245.636218,343.06512,440.8610909,0,0,0,240.5358646,0,0,0,0,0,0,458.1717937,532.1366636,0,0,0,0,0,0,0,0
7/27/2023,KAPIVA VIGOR MAX JUICE 1 L,Mens Health,HPC,Ingestibles,7000,5000,614.1826528,555.4981158,701.0874083,498.2696639,5412.28,3816.9,3845.494762,3032.716521,10.07319471,8.82258053,775.4345289,679.1622492,710.1826667,461.6011429,0,0,188.7538218,348.6934826,0,0,0,0,0,0,231.3014304,193.1307502,0,0,0,0,0,0,0,0
7/27/2023,KAPIVA HFE - 60 CAPS,Mens Health,HPC,Ingestibles,9588,18377,651.7567304,860.6551181,2401.508811,5254.351677,5226,10652,3222.642132,7837.937911,7.860417103,18.52602666,1282.112634,3021.780209,167.3522222,431.5550444,0,0,897.8335099,317.3736911,0,0,0,0,0,0,84.92271991,0,0,0,0,0,0,0,0,1888.930848
7/27/2023,KAPIVA ST- 60 CAPS,Mens Health,HPC,Ingestibles,7191,7990,440.4762071,470.4686751,2359.28927,2566.253391,3764,4519,2719.040756,3726.22436,7.303555674,8.85775225,835.5267691,1013.326857,117.3333333,137.8446588,0,0,0,1077.400212,0,0,0,0,0,0,193.301965,0,334.45075,0,0,0,0,0,0,0
7/27/2023,KAPIVA SHILAJIT GOLD CAPSULES 60 CAP,Mens Health,HPC,Ingestibles,2697,2697,123.9069252,202.7088865,323.77214,408.4410849,2149,2017,1535.185914,1623.260173,2.162234154,2.374634625,492.9893871,541.4166945,89.6,107.48,0,0,0,0,0,0,0,0,0,0,237.1330428,0,0,0,0,0,0,0,0,0
7/27/2023,KAPIVA VEGAN PROTEIN - CHOCOLATE 1 KG_2249,Mens Health,HPC,Ingestibles,2249,0,83.17407561,0,0,0,2149,0,1526.694028,0,0.766084273,0,456.2031846,0,70,0,0,0,0,0,0,0,0,0,0,0,0,0,0,0,0,0,0,0,0,0
7/27/2023,KAPIVA SHILAJEET CAPSULES 60 CAPS_599,Mens Health,HPC,Ingestibles,4193,1797,111.5560976,32,2281.912573,1131.33,1134,508,969.2358763,603.5,5.586317256,3,503.1037321,270.18,146.2666667,95.5,0,0,0,0,0,0,0,0,0,0,28.59296699,0,0,0,0,0,0,0,0,0
7/27/2023,KAPIVA SHILAJEET + STAMINA CAPSULES 60 CAPS,Mens Health,HPC,Ingestibles,1300,1950,110.09,49.79711278,218.8995156,298.168365,965.05,1415,716.3126028,1322.031985,1.727818792,2.850122049,213.6447936,352.4175914,42.55,76.66666667,0,0,0,0,0,0,0,0,0,0,90.5813989,83.72421682,0,0,0,0,0,0,0,0
7/27/2023,KAPIVA VIGOR MAX CAPSULES 60 CAPS_999,Mens Health,HPC,Ingestibles,999,1998,84.20930233,139.1484018,310.9025009,683.4224599,457,941,290.1827061,673.1048391,0.701825453,1.371833092,283.7129394,554.5635274,13.86666667,23.66666667,0,0,0,0,0,0,0,0,0,0,0,0,363.0499,0,0,0,0,0,0,0
7/27/2023,KAPIVA SHILAJIT GOLD CAPSULES 30 CAP,Mens Health,HPC,Ingestibles,0,0,0,0,0,0,0,0,0,0,0,0,0,0,0,0,0,0,0,0,0,0,0,0,0,0,0,0,0,0,0,0,0,0,0,0
7/28/2023,KAPIVA HIMALAYA SHILAJIT 20 GRMS_UMA,Mens Health,HPC,Ingestibles,753997,362758,28800.43376,19087.3286,232012.5518,127088.9013,420823.94,184528.69,301049.303,140941.0053,396.2295894,199.1958455,79079.50145,39755.50684,14548.50442,5307.896159,7460.647449,2454.224297,1882.579519,464.1307629,0,0,0,0,154651.52,38662.88,13073.816,5846.774988,11403.58975,5720.99085,7952,1988,47706.8,11926.7,1678.26255,1122.684859
7/28/2023,KAPIVA HIM FOODS SHILAJIT GOLD RESIN - 20G,Mens Health,HPC,Ingestibles,501921,291438,28337.46075,20885.59067,104546.9036,68561.13292,345230,191635.01,255856.2251,151265.7095,232.1348058,142.8515083,58755.6407,36157.14527,8281.95519,3781.203651,3228.587592,1943.989909,705.1530679,2674.587479,0,0,0,0,93858.72,23464.68,17843.40454,8584.242778,8215.55845,4361.5819,14145.6,3536.4,25011.84,6252.96,4063.787732,2523.518865
7/28/2023,KAPIVA HIMALAYA SHILAJIT 30 GRAMS,Mens Health,HPC,Ingestibles,90257,41980,3230.500038,2420.096041,29061.63518,13560.6385,50038,22137,37539.11879,16668.72058,34.19752944,16.47793415,9412.186028,4535.221816,1346.54,643.1666667,0,0,0,0,0,0,0,0,0,0,1654.143255,1141.814983,0,705.7801,0,0,0,0,0,404.9736099
7/28/2023,KAPIVA TB - 60 CAPS,Mens Health,HPC,Ingestibles,23171,19176,807.7605786,1885.652505,7116.652795,3374.577704,14360.85,13139.19,11051.9336,10547.56961,25.89378315,21.10808335,3673.033139,2994.181623,469.2948333,376.9447619,0,0,0,0,0,0,0,0,0,0,434.5233365,513.198687,346.80575,490.22165,0,0,0,0,0,328.7672228
7/28/2023,KAPIVA HIMALAYA SHILAJIT 10 GRMS_UMA,Mens Health,HPC,Ingestibles,17578,2397,537.8358475,67.54611357,0,0,16955,2239,10657.56169,1203.825535,14.71385208,1.740228738,1768.163604,209.1232874,1124.54856,114.5,0,0,0,0,0,0,0,0,0,0,668.6554974,0,520.6432,0,0,0,0,0,247.8842159,0
7/28/2023,KAPIVA HFE - 60 CAPS,Mens Health,HPC,Ingestibles,20774,15181,1403.783727,892.7187402,5855.321952,4249.831393,11332,8563,7565.553287,6400.377996,18.5791677,15.30410898,3030.448043,2496.253216,367.0402667,373.331,0,0,0,262.193173,0,0,0,0,0,0,237.1019816,472.4631327,962.19035,0,0,0,0,0,0,163.9350525
7/28/2023,KAPIVA ST- 60 CAPS,Mens Health,HPC,Ingestibles,9588,7990,346.6469559,767.4184853,3155.953386,2754.709806,5184,4077,3816.341623,3289.685344,9.738074232,8.85775225,1114.035692,1013.326857,175.9355,138.3034286,0,0,0,457.6166391,0,0,0,0,0,0,0,145.5340157,0,923.0769,0,0,0,0,0,0
7/28/2023,KAPIVA VIGOR MAX JUICE 1 L,Mens Health,HPC,Ingestibles,5000,7000,550.3656626,978.344272,667.0117971,550.3809611,3527.44,5202.31,2506.277549,4212.126054,7.19513908,12.35161274,553.8818064,950.8271489,433.4144,727.12,0,0,0,238.8509122,0,0,0,0,0,0,219.310617,72.07060395,0,312.90745,0,0,0,0,0,0
7/28/2023,KAPIVA VEGAN PROTEIN MALE BANANA 1 KG,Mens Health,HPC,Ingestibles,6747,0,173.422788,0,1096.675155,0,4730,0,2332.433987,0,1.463021571,0,865.3772592,0,206.25,0,0,0,0,0,0,0,0,0,0,0,279.4043037,0,0,0,0,0,0,0,0,0
7/28/2023,KAPIVA VEGAN PROTEIN - CHOCOLATE 1 KG_2249,Mens Health,HPC,Ingestibles,2249,2249,187.1416701,328.6816206,0,0,2024,1871,1437.868804,1367.052403,0.766084273,0.861775999,456.2031846,513.1876074,84.0608,54.93333333,0,0,0,0,0,0,0,0,0,0,0,0,0,0,0,0,0,0,0,0
7/28/2023,KAPIVA SHILAJEET + STAMINA CAPSULES 60 CAPS,Mens Health,HPC,Ingestibles,1950,1300,0,158.0100694,537.3678405,308.0508664,1398,813,1037.666501,677.5537431,2.591728188,1.900081366,320.4671904,234.9450609,83.2,17.58666667,0,0,0,0,0,0,0,0,0,0,158.2421186,141.5300648,0,0,0,0,0,0,0,0
7/28/2023,KAPIVA SHILAJEET CAPSULES 60 CAPS_599,Mens Health,HPC,Ingestibles,4193,7787,82.33902439,141,2375.456815,5447,1149,2199,908.4862223,2094.290002,5.586317256,13,503.1037321,1170.78,123.8933333,286.3333333,0,0,0,0,0,0,0,0,0,0,119.0732297,288.8048084,0,0,0,0,0,0,0,0
7/28/2023,KAPIVA SHILAJIT GOLD CAPSULES 30 CAP,Mens Health,HPC,Ingestibles,0,0,0,0,0,0,0,0,0,0,0,0,0,0,0,0,0,0,0,0,0,0,0,0,0,0,0,0,0,0,0,0,0,0,0,0
7/28/2023,KAPIVA SHILAJIT GOLD CAPSULES 60 CAP,Mens Health,HPC,Ingestibles,0,12586,0,907.1451979,0,1777.920017,0,9599,0,7725.110397,0,11.08162825,0,2526.611241,0,374.9,0,0,0,0,0,0,0,0,0,0,0,505.5390128,0,0,0,0,0,0,0,734.6452085
7/28/2023,KAPIVA VIGOR MAX CAPSULES 60 CAPS_999,Mens Health,HPC,Ingestibles,999,1998,0,168.2359209,0,713.7105007,504,865,0,618.7392336,0,1.371833092,0,554.5635274,0,0,0,0,0,0,0,0,0,0,0,0,0,0,0,0,0,0,0,0,0,0
7/29/2023,KAPIVA HIMALAYA SHILAJIT 20 GRMS_UMA,Mens Health,HPC,Ingestibles,873917,392738,33516.76775,19195.82653,270210.0413,139239.1511,483088.85,200032.39,343721.3251,153572.3295,456.3859035,216.5531598,91085.49863,43219.67964,15796.69538,6081.052086,10536.12723,23918.60831,2423.956761,0,0,0,0,0,151148.32,37787.08,18125.8391,4102.282655,7628.6108,2049.17995,7952,1988,46780.64,11695.16,954.8258997,3353.771966
7/29/2023,KAPIVA HIM FOODS SHILAJIT GOLD RESIN - 20G,Mens Health,HPC,Ingestibles,476735,318423,26682.64025,20796.3019,95394.2852,75946.97237,329654,210704,239730.0129,166376.1294,216.1545112,156.2438372,54710.86833,39546.87764,8118.8705,4173.083001,5615.300909,12622.34173,1383.005065,2197.277034,0,0,0,0,95679.12,23919.78,14039.72001,4840.732096,9990.5474,5884.9177,14145.6,3536.4,27451.76,6862.94,3168.531432,0
7/29/2023,KAPIVA HIMALAYA SHILAJIT 30 GRAMS,Mens Health,HPC,Ingestibles,90257,37782,3668.971101,1721.135264,29061.63518,12846.92068,49443,20549,37154.42798,16300.69467,34.19752944,15.61067446,9412.186028,4296.525931,1472.853333,787.26,0,0,461.8645277,0,0,0,0,0,0,0,2484.779028,1016.766679,1639.34395,0,0,0,0,0,0,1275.081434
7/29/2023,KAPIVA HIMALAYA SHILAJIT 10 GRMS_UMA,Mens Health,HPC,Ingestibles,15980,6392,854.6669165,153.9025373,0,0,14990,6212,9609.125457,4289.858468,13.37622916,6.090800583,1607.421458,731.9315061,939.46,296.94,0,0,0,0,0,0,0,0,0,0,128.1161715,0,0,0,0,0,0,0,0,0
7/29/2023,KAPIVA TB - 60 CAPS,Mens Health,HPC,Ingestibles,14382,12784,542.9527054,1011.116456,4569.009887,1868.035461,8699,9435,6694.626431,7596.232135,16.07200333,14.07205557,2279.813673,1996.121082,435.6867733,400.3813067,0,0,0,212.9975645,0,0,0,0,0,0,339.9868669,198.3848004,0,0,0,0,0,0,0,318.0952918
7/29/2023,KAPIVA VIGOR MAX JUICE 1 L,Mens Health,HPC,Ingestibles,6500,3500,444.5285191,345.4386973,872.9365216,460.8433506,4782.25,2487.61,3468.228173,2055.241292,9.353680804,6.175806371,720.0463483,475.4135744,804.515,351.068913,0,0,461.124955,0,0,0,0,0,0,0,237.4141574,181.8007442,0,0,0,0,0,0,0,221.4245672
7/29/2023,KAPIVA HFE - 60 CAPS,Mens Health,HPC,Ingestibles,6392,14382,400.2313169,1095.225827,1725.027456,3691.85429,3626,7982,2420.826606,5500.285325,5.716666984,13.69315014,932.4455518,2233.489719,105.1266667,245.0404762,0,0,3880.549514,0,0,0,0,0,0,0,0,87.12608187,0,0,0,0,0,0,0,242.4869058
7/29/2023,KAPIVA VEGAN PROTEIN - CHOCOLATE 1 KG_2249,Mens Health,HPC,Ingestibles,2249,2249,224.5700042,293.0309686,0,0,1979,1912,1405.913183,1397.004093,0.766084273,0.861775999,456.2031846,513.1876074,130.6368,146.268,0,0,0,0,0,0,0,0,0,0,0,0,0,0,0,0,0,0,0,0
7/29/2023,KAPIVA ST- 60 CAPS,Mens Health,HPC,Ingestibles,3196,5593,290.1756473,556.3336805,444.7906654,1744.799828,1935.5,3036,1092.608263,2449.728628,2.434518558,6.200426575,278.508923,709.3288002,77.8,67.795,0,0,0,0,0,0,0,0,0,0,91.73966426,0,388.4809,0,0,0,0,0,0,243.0269591
7/29/2023,KAPIVA SHILAJEET + STAMINA CAPSULES 60 CAPS,Mens Health,HPC,Ingestibles,1950,650,247.18,41.17838173,281.0667444,154.0254332,1414.1,446,1049.604213,371.6910289,2.591728188,0.950040683,320.4671904,117.4725305,51.7,9.706666667,0,0,0,0,0,0,0,0,0,0,89.26428255,0,0,0,0,0,0,0,0,0
7/29/2023,KAPIVA SHILAJIT GOLD CAPSULES 60 CAP,Mens Health,HPC,Ingestibles,899,5394,96.17950139,661.3262768,107.9240467,888.0701584,653,3675,466.4909238,2957.589229,0.720744718,4.74926925,164.3297957,1082.833389,11.33333333,85.59418919,0,0,0,0,0,0,0,0,0,0,0,0,0,0,0,0,0,0,0,0
7/29/2023,KAPIVA SHILAJIT GOLD CAPSULES 30 CAP,Mens Health,HPC,Ingestibles,0,0,0,0,0,0,0,0,0,0,0,0,0,0,0,0,0,0,0,0,0,0,0,0,0,0,0,0,0,0,0,0,0,0,0,0
7/29/2023,KAPIVA SHILAJEET CAPSULES 60 CAPS_599,Mens Health,HPC,Ingestibles,599,7787,0,542.99,0,5447,129,1797.01,0,1711.443334,0,13,0,1170.78,0,240.5352381,0,0,0,0,0,0,0,0,0,0,0,0,0,353.504,0,0,0,0,0,76.68849251
7/29/2023,KAPIVA VIGOR MAX CAPSULES 60 CAPS_999,Mens Health,HPC,Ingestibles,0,4995,0,237.4170472,0,1631.671123,0,2493,0,1854.090092,0,3.42958273,0,1386.408819,0,94.42,0,0,0,196.3571379,0,0,0,0,0,0,0,0,0,0,0,0,0,0,0,0
7/29/2023,KAPIVA VEGAN PROTEIN MALE BANANA 1 KG,Mens Health,HPC,Ingestibles,0,2249,0,253,0,439.5312148,0,1436,0,962.9814041,0,0.6559496,0,387.9941884,0,105.64,0,0,0,0,0,0,0,0,0,0,0,0,0,0,0,0,0,0,0,0
7/30/2023,KAPIVA HIMALAYA SHILAJIT 20 GRMS_UMA,Mens Health,HPC,Ingestibles,1008827,419720,44921.74097,18755.46184,308988.4514,145552.1956,560405.53,215297.44,404372.3138,161824.1966,534.1880699,226.4716252,106613.255,45199.20695,19405.92902,6000.560597,9856.070825,17839.24041,2949.121259,0,0,0,0,0,158217.92,39554.48,24173.27594,8388.715479,12545.80695,1526.22305,7952,1988,47088.8,11772.2,934.4565259,3121.817899
7/30/2023,KAPIVA HIM FOODS SHILAJIT GOLD RESIN - 20G,Mens Health,HPC,Ingestibles,644042,309428,36324.73961,21700.32884,134344.8882,72036.07877,443523,204916,330655.9828,161863.5288,299.4202568,151.7797276,75786.26119,38416.96685,10885.59797,4507.113296,5144.900012,7994.314222,5012.871464,1331.758844,0,0,0,0,99347.68,24836.92,20804.18525,8290.917987,9124.26215,2577.6245,14145.6,3536.4,28000.72,7000.18,1023.921595,2478.615419
7/30/2023,KAPIVA HIMALAYA SHILAJIT 30 GRAMS,Mens Health,HPC,Ingestibles,142732,39881,6439.813449,2250.030425,49404.77981,13560.6385,77941,21204,62984.78698,16820.27045,58.13580005,16.47793415,16000.71625,4535.221816,2535.71,582.71,0,0,0,0,0,0,0,0,0,0,1998.287656,203.9525419,1164.8396,0,0,0,0,0,0,860.7562681
7/30/2023,KAPIVA HIMALAYA SHILAJIT 10 GRMS_UMA,Mens Health,HPC,Ingestibles,23171,1598,1306.172772,0,0,0,21658,1598,13987.18428,1266.427092,19.39553228,1.740228738,2330.761114,209.1232874,1286.24,111,0,0,0,0,0,0,0,0,0,0,1187.632424,137.2856718,386.39195,0,0,0,0,0,0,0
7/30/2023,KAPIVA TB - 60 CAPS,Mens Health,HPC,Ingestibles,23171,19176,979.3190576,1893.851225,8089.851002,2660.266819,13089,13837,10073.12213,11182.42266,25.89378315,21.10808335,3673.033139,2994.181623,660.8717752,548.3182514,0,0,0,0,0,0,0,0,0,0,519.5891277,294.3307377,369.4008,0,0,0,0,0,0,229.7714705
7/30/2023,KAPIVA HFE - 60 CAPS,Mens Health,HPC,Ingestibles,19975,38352,933.0233247,2856.193701,5252.5019,10279.37557,11592,20793,7937.444844,13755.06384,17.86458433,35.44109448,2913.892349,5780.796921,473.4159778,682.5516667,0,0,1859.596557,0,0,0,0,0,0,0,164.2616312,200.1724678,0,483.3046,0,0,0,0,0,0
7/30/2023,KAPIVA ST- 60 CAPS,Mens Health,HPC,Ingestibles,10387,15980,612.496501,1332.696437,3470.255963,4468.166357,5387,9160,3891.452194,7630.752534,10.54958042,17.7155045,1206.872,2026.653715,161.1833333,420.0809524,0,0,0,0,0,0,0,0,0,0,381.2725748,154.8114459,0,0,0,0,0,0,0,0
7/30/2023,KAPIVA VIGOR MAX JUICE 1 L,Mens Health,HPC,Ingestibles,5500,12500,599.5918251,1392.580291,655.5858042,884.6173147,3987.06,9689.99,2832.861548,7518.83144,7.914652988,21.17419327,609.269987,1629.989398,640.1062381,1408.401286,0,0,941.4339698,0,0,0,0,0,0,0,308.1710455,238.9732166,311.82585,504.53725,0,0,0,0,0,0
7/30/2023,KAPIVA SHILAJEET CAPSULES 60 CAPS_599,Mens Health,HPC,Ingestibles,5990,2396,447.995122,147,3865.55045,1577,1294,573,1282.198764,640.0033333,9.31052876,4,838.5062201,360.24,178.5,68.22666667,0,0,0,0,0,0,0,0,0,0,102.9212895,49.14109596,257.38485,0,0,0,0,0,0,0
7/30/2023,KAPIVA SHILAJEET + STAMINA CAPSULES 60 CAPS,Mens Health,HPC,Ingestibles,1300,5200,196,359.1904051,120.7130656,833.6028647,782,3953.57,727.4023715,3294.858626,1.727818792,7.600325464,213.6447936,939.7802436,80.6,151.5928571,0,0,0,0,0,0,0,0,0,0,67.18231058,0,246.0574,0,0,0,0,0,0,0
7/30/2023,KAPIVA SHILAJIT GOLD CAPSULES 60 CAP,Mens Health,HPC,Ingestibles,899,14384,0,1634.512379,320.5743905,1856.226804,399,10120,355.7569367,8463.108342,0.720744718,12.664718,164.3297957,2887.555704,41,381.4133333,0,0,0,0,0,0,0,0,0,0,0,776.290982,0,0,0,0,0,0,0,213.2184692
7/30/2023,KAPIVA SHILAJIT GOLD CAPSULES 30 CAP,Mens Health,HPC,Ingestibles,0,0,0,0,0,0,0,0,0,0,0,0,0,0,0,0,0,0,0,0,0,0,0,0,0,0,0,0,0,0,0,0,0,0,0,0